tau-22,tau-21,tau-20,tau-19,tau-18,tau-17,tau-16,tau-15,tau-14,tau-13,tau-12,tau-11,tau-10,tau-9,tau-8,tau-7,tau-6,tau-5,tau-4,tau-3,tau-2,tau-1,tau0,tau1,tau2,tau3,tau4,tau5,tau6,tau7,tau8,tau9,tau10,tau11,tau12,tau13
-0.009209199306361908,-0.01808828933863206,0.03636897578176861,0.009824897563501463,0.023810436767359333,0.016055069499251385,0.017146753454251786,-4.225107535938843e-5,0.0015303263565993078,-0.002672552697522723,0.005120357158903377,0.008059356018544931,0.00016519871326954502,-0.0033965402874808195,-0.006225460963642297,-0.001675338926073855,0.003121362254225614,-0.00317577179812139,0.006810112607984459,0.007519393473944629,0.005388606173727951,0.003554843825284558,0.0034670124121464513,-0.015059891065192251,-0.026801848468746448,-0.038061977419863446,-0.04473927104502239,-0.05229790049447835,-0.05026646680520132,-0.0407393632203552,-0.05635898310463417,-0.05894444770135066,-0.06561948096295855,-0.12592672527930246,-0.17066816095124668,-0.1320538939983931
0.0412375953202943,-0.012348934734498022,0.05881413080084476,0.016911195850619135,0.025590993032382967,0.005474648470744299,0.019001608136056385,0.006814634631736216,0.007302237829276805,-0.006369138688187216,0.009021765106743584,0.002199479012424742,0.0010996109670064957,-0.012114818634756755,-0.009688029723095369,-0.010828940777963838,-0.002831869640961595,-0.0008346289406415543,0.006443020352657935,0.007079939460136849,0.012154722503006267,0.017088714836971428,0.019624932351091782,0.012038731342409195,-0.0006944131588238507,-0.005741969380352552,-0.002424896203974352,-0.012360339086516335,-0.007328237054925348,-0.0009558979389631935,0.0002648112836204463,0.016641413403133378,0.0778392990090823,0.0643526705031435,0.02544006616607808,0.032290492298058665
-0.04230420005805732,0.009142430347870637,-0.0037560839648698454,-0.015903788212360763,0.0076626325954907955,0.019830275855344633,0.020172311807393543,0.011139101530474538,0.01403669384076107,0.010953229551557003,0.027548619171806343,0.026443127713090164,0.011661105526414306,0.0009908500451348173,0.009986860955817578,0.008729204014808466,0.007957946986514515,0.0016929929623394051,0.007683717366610727,0.008871215420390715,0.0018030791986317065,-0.010627650434913838,-0.018493693639983075,-0.04968856391592516,-0.08459430722347863,-0.11922827155233524,-0.1468054976399397,-0.16748540383803845,-0.19896021299763966,-0.19117262196346332,-0.23351746640327506,-0.2326165437098343,-0.18514841846757085,-0.3054818079983618,-0.3604674746299805,-0.1767306859575409
-0.014079885060888723,0.002132422749519567,0.05436805844133966,0.02414359747625353,0.010775946522511314,0.0004598899697958416,0.008963669038326098,-0.002104174902644658,-0.0036408826294987272,-0.00458617063412311,-0.0020786889853784086,0.008094733772446952,0.005312543188461725,0.006190525014618842,0.007063686242640528,0.0043422679133122465,0.017429987947715112,0.007235970585944508,0.01956499644297612,0.02474319351680457,0.014501357555504272,0.019289399338736316,0.008657505720248211,-0.018028544968780435,-0.028633908874184776,-0.0305580674181295,-0.04498596924764955,-0.04322593210152005,-0.030651175895748832,-0.015754778781770274,-0.01274270707982015,-0.0028512463143334933,0.004578132690321557,-0.030998704015503694,-0.06970524238066551,-0.07369971196717767
-0.011162256774435785,-0.04868361889870415,0.01472580301649353,-0.002140857204196937,0.026843552265967727,0.006939543071409336,0.01850923769148704,-0.007636234888712959,-0.004342429739457473,-0.005005907976214404,-0.0014446489070443378,0.004103650561548658,0.0028990040520220704,-0.00020737850743126452,0.00010432936560597412,0.0020662575657976593,0.008282581081930989,0.002348145283957222,0.011332312653729701,0.002839836436637169,0.0017981998446861616,0.001854772007229144,-0.0004401412048032318,-0.038873078856574345,-0.04649806011626421,-0.060462643665377944,-0.06876366214514351,-0.09319855954462679,-0.08189169668887393,-0.06825418461281958,-0.10181821202903077,-0.13014117161578773,-0.136398363505489,-0.1970318331439989,-0.3032345796122926,-0.30169288542920436
-0.011620236605720285,-0.020160569286838695,-0.003898044716762786,-0.02306366549273599,-0.006659759379156323,-0.02022036902730798,-0.025581207181583875,-0.03675842473266581,-0.03241787627423922,-0.026565779284715398,0.0005688283384808856,0.029236137472921007,0.020372751599481993,0.01934293994816972,0.019972726507564584,0.03949743768030896,0.05785726354764786,0.06290434903177508,0.080910579966239,0.08796828666635059,0.10635347350584241,0.12226878277860007,0.14361009443072623,0.14079845397151874,0.14861654312701567,0.14310464138285256,0.1505494095421307,0.16434217907538953,0.17413631080171385,0.18560806740496438,0.18645513099224553,0.1777991164898185,0.22155855728963017,0.2105532301562178,0.1991047463665793,0.2523702953153584
-0.05424969281939487,-0.024096453007319493,0.030934300240541793,0.0018873390805410116,0.03564397487544771,0.02568602862925747,0.004219400310440627,0.0012312280080264942,-0.0019840763405730454,-0.0017473561867857867,0.004020556793150565,0.008077291371059432,0.00659563069678933,0.010960608199017495,0.020938348133935865,0.03819788499878069,0.05337997179548572,0.059326580159439146,0.0762774367373815,0.09301459005925278,0.10569836629001524,0.12291963372579179,0.13213032902345861,0.1222218030821887,0.13644577105460834,0.13184470965109843,0.13994386385382784,0.14660381489985194,0.1478845551970107,0.1600970657387449,0.14738953057482335,0.1302956672148576,0.18612224961004042,0.20240361984418687,0.17529944672024178,0.21854383524898435
-0.058425856084405786,-0.021976490566483063,-0.006972683270483426,-0.023277665188188534,-0.028104055590683675,-0.024421315842871303,-0.025278836829123217,-0.022564215890057054,-0.017306257218385194,-0.020357657435733516,0.0007489090789064267,0.01688856969037529,0.019966259177159294,0.018859137171585803,0.031294986577069535,0.04782133606413184,0.06766550021130996,0.07201567857468817,0.09449119681642203,0.11132608878409676,0.11956317483775727,0.12942669559275177,0.14973108170969845,0.13772095825018166,0.1384316960112699,0.13550897234708328,0.13409424173954052,0.14375280672467072,0.15288270821146832,0.14187930919499311,0.13420973549023782,0.1359528618144927,0.1171068153603619,0.10071280407794773,0.1000897738637705,0.18010709346460463
-0.008852565605132602,-0.006979137052774058,0.06010262415539715,0.020883467479986567,0.0073295447683785825,0.013832358011902919,0.013171068283528318,0.004527710188404859,0.008961689225009804,-0.00200499262218938,0.011019497966574825,0.013741571605246887,-0.0010960574162802645,-0.002732743231367721,-0.0016389948548314402,0.012663365613055262,0.011030559355829165,0.0008724927541255953,0.020747061433243008,0.02525650452195906,0.032867055729364644,0.024374916628501112,0.015609392947571719,-0.013665966266687639,-0.027132978604658645,-0.03461382962485477,-0.06039071260257528,-0.07977472118694144,-0.08988126564792663,-0.08864998138073582,-0.0923567355152133,-0.05918171945338481,-0.01775529119495684,-0.08137988998859669,-0.15929059561070966,-0.02441551276868181
-0.06399845334754059,-0.055432872650818754,0.007385280997999585,-0.030981396143257563,-0.006916545776434157,0.0017231425778811214,-0.031809158218518215,-0.03121549048200461,-0.02795957451194535,-0.021589709820940713,-0.004149705288829704,0.0078469274227267,0.013298211055632149,0.020514411833110795,0.02158220844331623,0.04034176491470472,0.05633618522541765,0.06026645738491261,0.07136522381036689,0.08181929618648257,0.0948743400803199,0.11075328220161958,0.11177723243007122,0.10481966175349228,0.11567915723406032,0.11802071114705709,0.11068574124869182,0.11816735031936113,0.1371865089577803,0.1128658093635708,0.1071616197404768,0.10140258858406194,0.1002230910350053,0.0648104272958842,0.04224112547615342,0.1362303255127161
-0.0851716229240999,-0.04128903834012383,-0.00026060919032348844,0.0012087235452332232,-0.014246040405113751,-0.008365524963695189,-0.014903999634895044,-0.0319739583728719,-0.024930388390969345,-0.01742828143736622,-0.00255830042369073,0.0123610841329079,0.012976622967567185,0.019815902252523464,0.03797703374019584,0.05428574887892894,0.06886610212203134,0.0739847895140414,0.0807540664247896,0.08094374181529981,0.09949326255475575,0.10670977751243656,0.1158517397390487,0.10799021945734504,0.11204168048326964,0.11596941382608471,0.11683578105791623,0.12280170486378959,0.14780490836170523,0.1346144845904334,0.13289754083868718,0.12061609056066429,0.1575336765164809,0.14522386720321653,0.10367484548343145,0.12429830361861556
-0.02096477486944333,-0.07470985709238251,0.02760620685928426,0.01270094371542015,0.02171408840908977,0.007638757490813444,0.02475627481963061,-0.00014999565470058974,0.0011354782424082656,-0.006801877477503161,-0.007342295367520151,0.0028927887165135398,-0.012531048327814001,-0.002744341452022994,-0.0001106566718265895,-0.0071308458414779605,0.0044741407345707555,0.00399319045763529,0.019951957200421307,0.029907341111840062,0.04037975057725085,0.05044172324495744,0.05537408951565667,0.028784092916509064,0.02491050466135179,0.006409015969175561,0.002171811943617947,-0.00326912515923636,-0.002426805878721564,-0.007706372320953503,-0.018913554384893724,0.006294386970271584,0.022619868531022682,-0.019611082699641128,-0.03415854382751261,-0.01725578151950647
0.006066866819306418,-0.04658745587573147,0.03686859975418641,0.01725853097634737,0.02129376539602227,0.029192084949910872,0.03143064842154453,-0.001973411729462047,0.009187004280415306,-0.008052950644365332,0.0014999817101946462,0.012358381658564158,-0.0017598553976260782,-0.0051034533381884625,-0.009355367500183358,-0.0028217568787949105,0.0036529137333563863,0.004382541094539462,0.01977792680192362,0.021594902914471536,0.027034619953838036,0.026715053250247093,0.02707056063084217,0.019082064436672295,-0.00612969173798813,-0.01175663346219547,-0.022188256138028665,-0.02678453381153937,-0.03997748724155054,-0.0275417682642325,-0.05795033518474657,-0.03313435415357701,0.0017276781442618428,-0.09611262054218253,-0.1707858033446857,-0.20636728645842053
0.01863313249134144,-0.04735681167585511,0.0387455919707115,0.02903720284415928,0.0279630800758508,0.027237315328207088,0.020266218179869788,-0.006796307944575658,0.0020952895433391187,-0.000330416919571251,0.00841689530363121,0.008083539287078226,-0.010867121331402132,-0.013036560840748711,-0.013851330959997382,-0.012740881175032744,-0.0018906723903430636,-0.002395051724232593,0.014247315052971988,0.013087837760457598,0.015463043600816797,0.020490621866716054,0.021231293906157356,0.010944718043018371,0.0008436412262065448,-0.014743631335690979,-0.019172604807375825,-0.030876589131334668,-0.008407606124386164,-0.00800781560932351,-0.014943520192903076,-0.020500093990958496,-0.046823823991564345,-0.09253651371695985,-0.14684701783227225,-0.11077489610629464
0.06076259756689491,0.035728889596279644,0.07098724399576145,0.03915749669828033,0.031812974377832044,0.00924756853046576,0.01619317668282781,-0.0063307455804908815,0.0117112937908504,-0.0016172955765772295,-0.002384214536427595,0.003663322696536183,0.00037749606806113844,-0.01733549555699873,-0.017403711164543992,-0.007350807598856127,-0.007151839058386917,-0.0012744133992577515,0.010006383113911515,0.01888311211530731,0.022447194853194446,0.029809798493064147,0.01922338351142592,0.014806907850569352,0.006105035743594776,0.0005922216485594704,-0.0026148939999176063,-0.008009927442076098,0.01054613420512051,0.011018219005294982,-0.004169838936048206,-0.0029527944663132323,0.013490681093643191,-0.009512237251966732,-0.09479676366132186,-0.0481396825954114
-0.05731942309010984,-0.041384853891029055,0.0022864080123643714,-0.03919237574084444,-0.00839691738275572,-0.006236344866310942,-0.031276450656975846,-0.03142104482189137,-0.01809727869892844,-0.017520418049733137,0.006117403128903363,0.014106642100527313,0.02018519640522666,0.025539638584524245,0.028743438205728167,0.045408269987581844,0.06659350828250733,0.06616214321147096,0.07359500672858106,0.09364757463734258,0.10389143979546812,0.11428573706587905,0.13236974840920554,0.12142204488800376,0.12142492656365045,0.12897758130745693,0.13188096821596523,0.1395031126631514,0.15763136347137935,0.12579303685037455,0.1400681377240055,0.15580350057089648,0.16031033619946675,0.1371448699136816,0.08219321212733274,0.13011938941601744
-0.041074506667328634,-0.03851100577394863,0.014311279952550033,0.0007856349117250148,0.005740734435731063,0.008039434017120456,0.009044823170571425,0.0015548473606613394,-6.396725006814244e-5,0.0008818379417885146,0.014543850046167432,0.018796304028564973,0.00495573377584745,0.005628222811723612,-0.0099589196540248,-0.0035528226756945613,0.006020051323204265,-0.00809134120886541,0.011202669684872418,0.02142914577811736,0.013522279224067166,0.01486456492600578,-0.007430487628752591,-0.019483096303732756,-0.03672821088484259,-0.03810564691466335,-0.05007868217138585,-0.0734189424345444,-0.06073702764537528,-0.0653460859770034,-0.09221482598017378,-0.058291975210012774,-0.05095734912207188,-0.1080046350801581,-0.1445485971984533,-0.14323830971935136
-0.02206511827703787,-0.09579665949747503,-0.012395326917503082,-0.024210032500022214,0.007710720923725507,-0.0030320311566931725,0.01131022107394982,-0.0028306194758854833,-0.005186891339374377,-0.004371970919428784,0.004413466313172754,0.008910330349080795,-0.010640996708369193,-0.006538009302772622,-0.004177174425885596,0.0007424014680997719,-0.0038097772618585846,-0.008455150617619029,0.0037249263353211974,0.009465834608872249,0.00939257259637633,0.005262984813426793,0.01421664926537494,0.0008764527721275746,-0.00411538006566049,-0.010876144200746242,-0.012130903967657381,-0.023410858136797236,0.0029048443167038335,0.01272498619697829,0.021602896750028047,-0.006373935246571879,0.00574363768154602,-0.06269562996888528,-0.15361576242164302,-0.08601520000979769
-0.051736445646611,-0.012281066964544628,-0.02866381110509948,-0.040255242470886805,-0.0051157541923821815,-0.026654072822473424,-0.014094184396017001,-0.014840653093519623,-0.017715746972997246,-0.008643654818286738,0.008843901498451816,0.017476912846620424,0.023217817828011616,0.023824715658497166,0.02743077829280479,0.041260321956174656,0.054617041600901466,0.05989333578212301,0.07653199430462813,0.08192635620337115,0.09109490592484537,0.09390428989722259,0.11734566244804526,0.1051816173189408,0.10732735144956725,0.10629479982586723,0.10599422336018018,0.10363573360730913,0.11488087705425638,0.10102972118942338,0.09100532019535103,0.07986972519883136,0.12377102504319584,0.09402764170247012,0.06015552773704282,0.1313242280114983
-0.003348144619767465,0.011867256460486895,0.07293640968974814,0.027223536182931326,0.034202082448970876,0.01491198478733882,0.026128835070496733,0.0061281998522748045,0.00718295378245988,-0.008436495643657234,-0.012824750748408675,0.0016125452425409205,0.00213942013437838,-0.0028115630022826684,-0.005481585497440762,-0.000792738873712254,-0.001429997127307652,-0.001764748246452404,0.009110032398372341,0.0114314797753422,0.02389176183165769,0.02600105534125273,0.01936252269589168,0.004697663708995979,-0.005962447962452238,-0.02451464306585512,-0.027789559156946236,-0.04574758575020619,-0.046350835558525205,-0.03693908127466718,-0.04559790568788405,-0.04187640880092327,-0.024910588770542495,-0.10759181849787695,-0.16907946151523112,-0.14794479358017443
-0.05215929105711192,-0.001884876781341405,0.04338229404898826,0.014677140868523661,0.001002576394133386,0.004645882937694496,0.006322354268611657,0.007919345177829712,0.0012540765525068914,0.0006064722263103912,0.00036030823727303314,0.012848233207210166,-0.0016022928106152819,-0.0014126044140262287,0.010004686536873414,0.012061438831992519,0.007948685939145711,0.007091080110706864,0.017553468381919533,0.011788841419266154,-0.002941263234808309,-0.006430915832574563,-0.022731759773721286,-0.05307063562951372,-0.07561063857911875,-0.10741110430951764,-0.14128404397371255,-0.16613385380160117,-0.1808079119376503,-0.20537517372503158,-0.2425122684214982,-0.23715802749369685,-0.1510551955644495,-0.18847083227336375,-0.22652965494198743,-0.23153827046254596
-0.02590499276045865,-0.049278990337074884,0.00998668228629864,-0.00926100500136688,-0.026827468380299403,-0.021142617926402655,-0.023342123682097836,-0.03175819594363711,-0.025856977939871708,-0.01996149428709822,-0.0027675960183321953,0.003645356625039345,0.011382281074359945,0.019310942281244137,0.02792302678417141,0.04305293603363903,0.06160756413563025,0.06163184444107754,0.07516648155860792,0.07859947707145683,0.07586472194998826,0.08229267225051752,0.09714485590946313,0.09849784261176156,0.09029080235259315,0.09192954636188254,0.0964101954283702,0.10252625550108649,0.11296626019216092,0.10023624909700499,0.07864435765519111,0.061032204018658325,0.089429069102822,0.06301525531340206,0.08694952856722785,0.1283036173014877
-0.013004079442320491,-0.0042140463650694425,0.05267329031784425,0.018466765264752653,0.014748279012396679,0.014486421724432194,0.021271691953751757,0.0016566630800180404,0.00400046597259775,-0.0018865555028330211,0.007978260017360404,0.0024750056090639375,-0.006867467157379597,-7.80724729943867e-5,-0.007344367654128672,0.002646874330087324,0.004936204718994356,0.0035283692038989563,0.011992422018301365,0.0062293690486520704,0.0008384660125216642,-0.002770661344927186,-0.012993172363466924,-0.031225932765083092,-0.04327797977460465,-0.0634514793409239,-0.07724054776177193,-0.08088080229705888,-0.078494175048663,-0.07121616823186395,-0.08711608080663473,-0.09450795361405727,-0.09601364183089899,-0.14445943308911888,-0.1622049798416914,0.0071012330175756555
4.259807894624701e-5,-0.057231954849672764,0.0010564232014082496,-0.01914665550232874,0.04014987651479996,0.03801989952943367,0.008323701162253377,-0.005335272359559594,-0.0063264259303537854,-0.0149973936856026,0.0025872809979660544,-0.0014229281503483884,-0.007337695420455361,-0.010204653261588066,-0.007135751444258698,-0.0037977242735859787,0.0067246531449553166,-0.0023239109361586456,0.010865509489745642,0.009328990281715181,0.013605837658065905,0.014188383082733567,0.02121340452777653,0.009484264710304375,0.003863010213516029,-0.0011566794625106156,-0.010135728187245735,-0.010098766528332078,0.005145898203615225,0.008048734885580546,0.0013388150920463154,0.00928710211651303,-0.01333034257958238,-0.042160226086554085,-0.07954276334231057,-0.11547518017463217
-0.010872033810881953,-0.025303772930118408,0.05090227417894517,0.013101910135682487,0.03529343645944516,0.05289148314075418,0.04405174089348891,0.008194614340695405,0.002532386189731431,0.0006791788259327326,-0.0045046792366792016,0.0014849117187182676,-0.0005308446930350313,-0.001898338911914748,-0.008346432838036745,-0.010952189020747743,-0.001017487016484272,-0.0003835269004372885,0.0045132433118081515,0.016410102141199916,0.015976821428327393,0.017323121094609817,0.02858964605161936,0.013003600914910065,0.007010331004769585,-0.0048929069098205755,0.0006930565415384098,0.0008823485139826447,0.01596283079166784,0.03286414054109556,0.021796195990540338,0.027492689464107642,0.07913457078075974,0.04270873637892061,0.00151930144868281,0.05874745601916126
-0.012185854628095167,-0.03664208062480326,0.017607668947369672,-0.002178797721766727,0.022079547940493317,0.014462207317190365,0.02050664164042481,0.004619474852789234,-0.0008905693201349982,-0.0018596576794402573,0.012523889569366502,0.014927822154717624,-0.002826517513272692,-0.003905802317113697,-0.009408131036481865,0.0017419903079771276,0.0062839986819216665,-0.004476651751752059,0.01204370251503295,0.010179844383687554,0.011393642098928602,0.003877280468759214,0.0022440683732395487,-0.012256757176537741,-0.025889625124615866,-0.027191980772581163,-0.038929479221637746,-0.052116019418663125,-0.05675190656675688,-0.03196791220734505,-0.035859238364331456,-0.03559837640817329,-0.10515971082820214,-0.177612796341032,-0.18796887166075443,-0.24006040666422113
-0.050200599630605344,-0.05807798084266272,-0.004731191438129383,-0.02553864084451336,-0.01692369801105121,-0.012211614188152739,-0.008142984508998119,-0.015081873731965947,-0.00888044827357418,-0.011112633675224035,-0.003805318015023184,0.015142307252242942,0.006931915059492887,0.011499514159071576,0.02056627272061271,0.04065493659589908,0.05647173931045169,0.06341948317890948,0.08035756281953144,0.08633785836314815,0.10026901184738467,0.11644148142948368,0.13070015853142677,0.11262127385018231,0.11096027283139769,0.10478610768073612,0.10357178683367763,0.10923716385968121,0.10918883841162026,0.091900210671508,0.08061589286061195,0.06771697730601772,0.08818425282117281,0.09108418550635304,0.06531670920449949,0.11130234647253737
0.0129598469898196,-0.005399113792285002,0.03125577791962118,-0.022958618305646522,0.0166601032317871,0.024717259060483263,0.010572665886336834,-0.004184562607010293,-0.002374788350072878,-0.004204947665082518,-0.0021822275281416963,0.0039358085323636695,0.007229385441130466,0.008066431552923504,-0.001997502341267315,0.004675991041148273,0.005517591883686157,-0.0029778703375603318,0.0030370744677456095,0.005181601191608383,-0.004702354563309765,-0.0006689105101592975,-0.020963596382673342,-0.047831177487062726,-0.06849309772490653,-0.06986991734864324,-0.08964554650944445,-0.09914307474997484,-0.10726325770184657,-0.09034180664408913,-0.09577755385474881,-0.09040688577113282,-0.13748489901776867,-0.31367126052035404,-0.36950570948701056,-0.43821164521168293
-0.048431347308199625,-0.015797869485708993,0.03869808260569562,-0.0031368247251098522,0.008741193851918756,0.003620110986209167,0.015735683441356514,-0.007852713087440307,-0.006011103636921329,-0.0056050231867211,0.007040756534666784,0.003814509670026498,0.011566544337232185,0.0018126782123765342,0.0003456121155164121,0.002010742004515923,0.0005515926180664351,-0.0011628248229098089,0.007728588327075084,0.006703426214173097,0.007903370318645554,0.0056359174457024114,-0.004605489509012517,-0.02965277041281703,-0.04499273361623155,-0.04753078757340016,-0.05297763077377495,-0.06231672447601153,-0.0730553665799572,-0.07223831497556456,-0.08132619512869466,-0.10123941039457438,-0.13992748990565818,-0.232912118930941,-0.3149860926278032,-0.2626113396815732
-0.04268305846258491,-0.05095352558149892,-0.022038722124517945,-0.036350199308111446,-0.02205638758033859,-0.018720745884799845,-0.010513628351572012,-0.0120211540035548,-0.023117965180910763,-0.011042403706582363,0.00014326346637305942,0.008950483242762299,0.005745483519038978,0.0191767970094534,0.02831492854845824,0.041642952288114245,0.06133903174089327,0.0692738540593329,0.08341795508062624,0.08671238946927169,0.0887331748402318,0.10837851940572454,0.11789213910871683,0.11270530846654712,0.11390969550415835,0.1181977209995084,0.11640980299537708,0.11893339243902953,0.12165578730583342,0.12203297488527476,0.12359057780041116,0.1323381806109485,0.12777961758355255,0.13055239918745357,0.0973463929789188,0.1647469441544289
0.06761588903691501,0.0011133376859111452,0.08766945254302923,0.032651204515821056,0.04282126649105989,0.0314602301991929,0.02361782334455891,-0.0004981845635131174,0.002048919963841613,-0.00524737886266999,0.0009184562955862136,-0.0004048162664895493,-0.0046769887559815326,-0.0035633119061035156,-0.005704872105605358,0.0010179146640918635,0.006052847110779995,-0.004654417190340398,0.013890610648599498,0.012326176769677802,0.017175505019342157,0.005171430850317402,0.001330944112929001,-0.008648661118451416,-0.017550073070335584,-0.02041439991540818,-0.0249500421159195,-0.03153173601922239,-0.03826968755051093,-0.01931387427307851,-0.03716458218222446,-0.05121675095345909,-0.06339774198837224,-0.08641708226165967,-0.15253685508586512,-0.15575226977972426
-0.011111942731621692,-0.008829778648747502,-0.00020811334139643592,-0.003764669627158083,-0.0016401539249521087,-0.01870460748148746,0.0044336811798406026,-0.007934283535097824,-0.009076657227752855,-0.01069856416842668,-0.0024075151472115037,0.003077108089621623,-0.0023075946599982354,-0.006102952026711933,-0.007178476657505591,-0.0037166372084109756,0.005801666365190315,0.0103800301899779,0.01892665410937787,0.01606852355255595,0.016263123875493696,0.020457960735108492,0.020479299496836263,0.003141742032253466,0.0067106923328241865,-0.0007792818701493737,-0.002185658629092904,-0.016407574179267553,-0.009908336511654358,-0.004550598834485022,-0.019612649053428157,-0.009638429067005952,0.012914956886690252,-0.047711882707224644,-0.11822147368873528,-0.03734111544271043
0.003458749142414238,0.005998091461497592,0.038606977261504756,0.01336944544433255,0.03478239948399151,-0.014648532308185393,0.005034062651392953,-0.0011234059187976001,0.006366147899111537,0.0038080886701971845,0.01828996277572373,0.018881783806199235,0.006918109862884166,0.005272984735627383,-0.0017790633001947723,0.006250427443534103,0.002652229572134658,-0.004441232513398581,0.0077864771455394026,0.020363376486018304,0.011332643540955286,0.005460650719713546,0.011663653184318192,-0.01178558396100098,-0.03285268331601932,-0.032964832177918006,-0.03941319427215176,-0.061067827699357924,-0.06112219975747294,-0.034499464351766956,-0.052065956567789305,-0.049359477516327806,-0.027760655464067512,-0.0807844844253238,-0.09043784697574324,-0.08014318318349468
-0.024028473786767472,0.0470040216650811,0.036446190521430284,-0.016910401970761924,-0.013634106227247207,-0.002344695787217353,-0.031339516187884414,-0.036611785388344115,-0.03853210776117725,-0.031649661696300464,-0.01579343460868307,-0.003922054530531741,0.004595562129967491,0.007840056228380654,0.02610690289186494,0.044123421527977096,0.06367469675612464,0.07490828330299348,0.0970356057984225,0.11639915232951271,0.1311173805031566,0.1460052442941282,0.15628781794412508,0.14965008711636713,0.1580102302489227,0.15210852421312193,0.14988580276344887,0.16093599811892892,0.17740762409249972,0.16112117045903887,0.17548356744876836,0.1744905448473353,0.21390758201463703,0.1890647836988952,0.1789798342140573,0.1948764820166586
-0.054407591783187735,-0.0675990175151302,-0.005201178349274038,-0.025396406412111366,0.008741033112440755,0.0023023976831730636,0.00036411199682098846,-0.00680221511530557,-0.0013471330326453156,-0.0051233587371666035,0.0009875581121573812,0.0013159354459498806,-0.002394103337485811,-0.011163299565996638,-0.00940471455330466,0.0031963293626675023,0.00922103248038258,-0.0005473212346151792,0.016415337601802506,0.011631919201719724,0.006011529122288951,0.005418794345927903,0.01483012801888889,-0.009396651120168454,-0.010829536013174452,-0.026985953687988753,-0.015733533813596837,-0.024020122436501805,-0.02585612091134401,-0.03766361148010752,-0.06808577868761617,-0.07045389237702758,-0.05767776878294167,-0.13144915349015984,-0.20636580446504432,-0.1086985107705024
-0.014563958801390475,-0.03925735406679063,-0.019571902747429506,-0.02567465042029897,0.004595011223001145,-0.0242508604478534,-0.002279887628291617,-0.013563043610552092,-0.007323640344269524,-0.0052042405867144025,-0.0007497814728556179,0.004811136553159314,-0.0012846697173837431,0.003385379954614006,0.004382396160018945,0.0017107295852407112,0.014527966381538769,0.0033111076869847887,0.013180696667085634,0.013807062896988317,0.007397624268554717,0.00825515152676028,0.007520188416470506,-0.01705165746390135,-0.012861303637346317,-0.017609586020672627,-0.01928308144507146,-0.03600437831238397,-0.033469773796260455,-0.028607295095101574,-0.05504375317754154,-0.08403632097481029,-0.09601132669222165,-0.176087148193092,-0.21268930966643151,-0.24154945671645764
-0.04209229249045628,-0.08099161487967671,-0.043219115083078546,-0.05589187588508576,0.004891071780020229,-0.01452485000881846,-0.03131021819479125,-0.0322726586858463,-0.022290149683572194,-0.016200503079376725,8.393914312047279e-5,0.010307858044465913,0.018013792130258298,0.026047860654827934,0.0395246008370267,0.06945597167164312,0.09507326466666272,0.10699288155869749,0.13104048219875178,0.1479955237988891,0.15834982173885345,0.17824762569016955,0.1942172621483756,0.18900909154414433,0.20420176820841623,0.20865018978465125,0.2120599021879123,0.22964236823004344,0.23838849433978423,0.21702007896618006,0.22491710855586966,0.19312535629024263,0.21073601249817106,0.19177565096348465,0.13331035540153882,0.079481698941126
-0.0008521083349556465,-0.03264574359614863,-0.00981722232620449,0.0017462994186670969,0.02663786785881885,0.008479964312823812,0.027343859536000704,0.01585262484941811,0.005144861425669853,-0.005554222407592613,0.0032179480602874747,0.005046813956594611,-0.001506087102873877,-0.0009257844754197102,-0.011467177219637545,0.005022062320006846,0.012543563738907724,-0.002005878116123554,0.02183002096506439,0.01714595909766854,0.024558836064151802,0.01706883653713803,0.02081202115328911,-0.0013008970048588293,-0.01269336143667626,-0.03328702871822436,-0.044846012869557576,-0.06487671424134561,-0.05057383392380094,-0.04766896084066704,-0.063455146548859,-0.07129024206728506,-0.09007267750036196,-0.10584643413701865,-0.11600072586258016,-0.10654410141282497
0.0022135045116204524,-0.05735107631648863,0.04319949311144582,0.018266998610083813,0.05542964285588087,0.04943181234995488,0.013455142080049253,-0.004556588211691522,-0.003247133096591345,-0.0078664423883833,-0.0005164682144234535,0.007917838727138823,-0.010389527737338467,-0.004808149944647183,-0.007538670049948954,-0.00020968376368505682,0.004992847585723629,0.009738537866373662,0.01782339531246784,0.021905582798289323,0.018117796754873825,0.011858354832641438,0.015046690659960735,-0.004454243898750175,-0.014942971990906018,-0.03169265471670572,-0.05051690136393178,-0.05822917930023854,-0.036502034248851484,-0.012934741043333954,-0.04002477562531616,-0.02165750586219365,-0.02136816198506657,-0.06153714360232088,-0.10129977000382208,-0.03277360611271961
-0.0011518196416367185,-0.005762125802986638,0.024978311435928217,-0.008242348622063207,-0.01141982877229626,-0.008334023021802672,-0.01674879192631701,-0.012969906860233185,-0.01133087532756644,-0.0014583779091089327,0.01215336875806978,0.016090886416661822,0.014279494657319855,0.019699496096068015,0.02912771893459414,0.04099456646903339,0.06662803464131489,0.07028350213948051,0.09354403933962352,0.11396576080346446,0.12130532857800283,0.13081560873267623,0.14714407345972233,0.15272608757568304,0.15400027452849063,0.1523781829356062,0.15644235370089404,0.14990124587070616,0.15005795632059657,0.14509782339463825,0.1363100281752616,0.11321118348119559,0.14784273103610351,0.1191824035420873,0.1086528380232602,0.1567773402128636
-0.03217194253371249,-0.024970757670358484,0.012004904039637226,0.008211847968164283,-0.01585692095588513,-0.014456734880250906,0.0004178759292082655,-0.025378503829939288,-0.01956268628455673,-0.011601823701809498,0.0005808474999559307,0.009849309913741425,0.012877205106047682,0.01036579328652512,0.02216733249138506,0.033927183754971675,0.05183357646965894,0.05402361085262264,0.06838492906849511,0.07597324894946614,0.08395120506182906,0.09365566298789839,0.11128233169002423,0.09381212690535298,0.09481718433118169,0.09752717848795067,0.10505194101054945,0.10509933421620508,0.11748548449604036,0.09733894708889612,0.09515815327217964,0.08299458147147279,0.1136096432139611,0.08787101769025277,0.05539007374558001,0.07049049365047283
0.04843857929371441,-0.043533087781506226,0.019175092842213786,0.01661902861717246,0.043947538111839275,0.02709537557878754,0.01857806884337569,-0.010068527382751656,-0.001385549208682243,-0.005891331583673754,0.010407904253685665,0.012357497812016217,0.004050053947513279,0.0071532487519574,-0.011035475700875565,-0.004622968564205294,0.0007877640839290504,0.0018725490800123763,0.007714478217042371,0.008528202555686632,0.0008235472961827306,0.0009407115925304831,-0.0024940238903427493,-0.00819138407759688,-0.0059294779904580245,-0.030196449595054648,-0.038091731953698756,-0.0519321465136531,-0.037729678467131836,-0.027507926431737453,-0.04307970000779539,-0.05386537772717479,-0.03163378839512652,-0.10627861104857021,-0.10842377244822335,0.08486192342797624
-0.013378757542467432,-0.03526892598905479,0.02819505152533981,-0.003789089941326529,0.024004878081866788,0.031186254929692233,0.014998970709820236,-0.011204136027476417,-0.0034773302290138724,-0.01224877785058866,-0.004780533620378481,0.0006138414641628536,-0.0013187471664759564,-0.00014334666055965708,-0.0005445049068497171,0.005602666553706991,0.012904702557546928,0.0005821356236301914,0.010567296325724748,0.0058521065809831576,0.0024546820292575856,-0.0012986595556208796,-0.004297256604174646,-0.0241357959979811,-0.040461330254808435,-0.047383120384928784,-0.047155891321658296,-0.05781181024252035,-0.05882513807598646,-0.04825034532012795,-0.07539829300347123,-0.054680024185509296,-0.043759717660635175,-0.18218946282404067,-0.22235006019743542,-0.1755904738916775
0.026507081582741756,-0.03647536101487691,0.07145009034070862,0.008458496799370718,0.03759688633020685,0.01101691768523285,0.00893414638113262,-0.00427968174804729,0.003249654669874487,0.00027634326965259216,-0.0003582357357816072,-0.00010594135729180119,-0.004284245659343653,-0.0011181073169424917,-0.009234881301054045,0.003140776330508079,0.0035638367738396555,-0.008026281374634134,0.021020205609422516,0.018381106893052227,0.015671161233748385,0.016444592222710174,0.017383293998864836,0.008194827989923855,0.00840337384300641,0.0060403555803812715,0.012403577650283064,0.02586270449019261,0.020980337838627978,0.03488522392462148,0.03291242371132368,0.0342003638315919,0.018778291283470222,-0.03731735950206193,-0.09380497358777708,-0.1018974481084552
-0.022670562806619776,-0.020320581288461897,0.03900779945705707,0.027378160933661397,0.02316993061561372,0.023012006443399426,0.009098396797114506,-0.004145126472073777,-0.008386279989401356,-0.003591615789698922,-0.0006269802924806343,0.012184859274368258,0.008650708933303799,0.004051602291138278,-0.00018197712960909705,0.0026546795840106784,0.005241257595099941,0.0025693289636550386,0.010168232626082227,0.00644733608827593,-0.0006430843072623136,-0.013595697621794071,-0.013340571442363539,-0.03436079942583376,-0.057636879371048104,-0.07343038410354874,-0.0853510127358267,-0.09563381169671352,-0.10670530735394593,-0.10271345704223402,-0.13292307138925474,-0.13895484534693775,-0.15406239130471777,-0.2401599170272432,-0.2255452112697693,-0.12740931821393853
-0.1005425901328559,-0.06224685110470412,-0.06649916162755211,-0.048140995858119665,-0.01802057531995078,-0.03346551374442502,-0.0244000991255848,-0.02278100614934124,-0.022407447949825816,-0.018356072409317553,0.0038145641764850613,0.009846987988578993,0.013663385559362256,0.018463873263798426,0.02051488677387743,0.03935472814758983,0.06377336272179153,0.06878829993137757,0.08868875835528661,0.10667057889592842,0.12158166973176696,0.1216011520955397,0.1278595006658759,0.12349182674482648,0.12022851959527082,0.11164385698241777,0.11829028818903635,0.12778849849428117,0.14398201030053306,0.1455907535738997,0.13791184561461867,0.13779855767677698,0.17844925557729077,0.14974338097250353,0.13458088853024583,0.154147899828103
0.029516408805999445,-0.03726770433347774,0.06686499857914611,0.025606154039300645,0.018366628504544843,0.025020630936343654,0.033552525560659935,0.004922921749202759,0.007038978452709962,-0.004808792672219829,0.012598893413713836,0.005748463483418403,-0.0035002338906649786,-0.010408809108403787,-0.0109444743138083,-0.006193357202054898,-0.003766745790567601,-0.009976651707983206,0.004533305452064182,0.010577064880672065,0.014215649208018304,0.027101769799515615,0.02499912265115393,0.007682153085293811,-0.00436176947420027,-0.003432005298918066,-0.006944193826772898,-0.022181081287019806,-0.0033190962925415857,0.016762441368257944,0.010775686340084592,0.01816535967523366,0.012192414251638358,-0.05510789750488982,-0.08924643616213114,-0.05205954092835462
0.007592658255755898,0.04500132886615921,0.06226508212296857,0.01688639652493722,0.02344283696930359,0.01440633342759484,0.025552187834771065,0.0014849024618912036,0.021394579205655708,0.004430996340015446,0.008719591353187449,0.007763369638612578,0.003041589514974172,0.0008396887511889069,0.0001813951073086113,0.0035008581530166613,-0.0013487532368722055,-0.006595664782126137,0.0040157956229441615,0.009690654852042182,0.012659504762997438,0.01899076748440942,0.012352541247880471,-0.0014615245911217467,-0.02021860447202794,-0.027881504460954793,-0.035059910996397964,-0.043343829530060114,-0.041923219155649546,-0.024295722850872857,-0.021038865316862755,-0.008486746770266552,0.0045491481814561915,-0.022743790613955504,-0.03979419456867383,0.031847949304309994
0.009125508289987061,-0.011920480735109455,0.03424027458311807,0.014791420945865831,0.019875690313527348,0.01708760043406283,0.021413124655998834,-0.0008617332581493409,0.00966680978540671,0.0010639355585817707,0.0008421634681413835,0.009927845389197231,-0.0016893460652352508,-0.0028081598414342744,-0.00652214690790064,0.005267734588889665,0.009017586917564435,-0.0020329306341468805,0.01497854598297863,0.012164893335509807,0.004550179604886203,-0.006767038599534649,0.002573487267477869,-0.0072851695536319105,-0.024741248601564136,-0.040473350766596784,-0.041587910873445606,-0.06573776756868342,-0.05630901324197322,-0.045028939051718384,-0.07326877670896824,-0.08851344583866137,-0.08679370753928133,-0.13246009250666743,-0.117767708605604,-0.11755915351331277
-0.004070094598762577,0.004920068796409067,0.05538747801993455,0.021752559608577447,0.020679069259298098,0.009663758496185313,0.013727855690661992,0.009100894002406028,-0.0036110759993440667,-0.0022070809685063686,0.0058041970949253025,0.005926092306046124,0.002059250701655827,-0.005266723721057709,-0.010274889159157651,-0.0060004191439087294,0.004155179071418182,-0.001772204503534984,0.008968575962874812,0.010501937784152593,0.008478206181723662,0.006339067141112498,0.0012120799774536044,-0.01822575208913154,-0.03667779181297403,-0.03589562791267054,-0.04992184271700779,-0.05393919946927877,-0.05220595598868271,-0.03218850417260747,-0.05606395518653571,-0.07557596079327784,-0.09871284095652764,-0.14492973461308076,-0.21373117518569232,-0.14013193707125957
-0.0064743527412722,0.007086748099150712,0.02957421890384408,-0.009512912184991947,0.0008217393541603346,-0.008085473462137586,0.0014645250920809082,-0.012510118891175941,-0.004314989054226162,-0.017350368475614976,-0.004041739731704587,0.004070455073480389,-0.006663382206638393,-0.0020004451149350875,0.010478607006706848,0.017612128020589635,0.01895959668905834,0.015535316031126819,0.032402724445979796,0.03636202685291355,0.03360605255127052,0.023488927042109874,0.020544779932282466,-0.007360380279733335,-0.01949853193186848,-0.029398248118751927,-0.03295087975947099,-0.04143920946962101,-0.043315258168852414,-0.025866426399562808,-0.0303434960748557,-0.012679177856196804,0.02868350032016002,0.03383012293539143,-0.049966236115138576,-0.05324735679884626
-0.05817379565796608,-0.031657038665019246,-0.009872134578644387,-0.025302369152677806,-0.01634183658029805,-0.005144939696795618,-0.004755600434061271,-0.004213977012447765,-0.012731658258134387,-0.008600857793872227,0.013155082392912975,0.01612276768510682,0.004608672655986557,0.010961069393859886,0.021512984143929267,0.035820711473525106,0.058256792459304464,0.0711172914312626,0.09551926890286126,0.11095315743877839,0.1226578253600643,0.1328247718744656,0.14927974021939583,0.1351238340054628,0.13706886673797217,0.13060549832055068,0.12604294752726572,0.14079085463980467,0.15295388195946077,0.13641891325762778,0.12651674064671659,0.09900586197900285,0.14152853630789977,0.17358457420458995,0.13853121188515224,0.15822602980185305
-0.05666637644970013,-0.01016799544999739,0.017135106860551138,-0.037660776035347565,-0.023665401357402725,-0.004608297734331936,-0.010293235338319131,-0.021156925132827995,-0.005655451027551057,-0.002205849672802944,0.00362797251876837,0.01496623850054628,0.009518425559781418,0.008123000322991278,0.007295159143040583,0.013370972059759905,0.019723657645296398,0.013009668167932012,0.018720208561782473,0.00955248800956424,0.005447355351095894,-0.012932815216780193,-0.026255911696189103,-0.05512940626569897,-0.07985145427476739,-0.09897419217451753,-0.11206639080520021,-0.12326306371790365,-0.14189377192042144,-0.13393318181066735,-0.15194787780199467,-0.20334705579152587,-0.25847014267293855,-0.3661428159095887,-0.45718500851389904,-0.5477423976955932
-0.04865852689463513,-0.06921148037636984,-0.030351703181141373,-0.030411394134166554,-0.028800232080837502,-0.023821702065951807,-0.014876141420769234,-0.02384167952179881,-0.014077032549048326,-0.005732848773989199,0.01976580218825427,0.019510270098652874,0.017721528437260395,0.02033350108269814,0.030581847610334514,0.05442491144493993,0.06037518477679102,0.06902430511490587,0.08504233626781908,0.09039337555335714,0.08487386582431969,0.10065844449251157,0.10312333335155453,0.08857879889062542,0.08316521265917862,0.07228860711531424,0.06271456954179995,0.07152005844782228,0.06947507382817383,0.0437960120798118,0.038089257548153295,0.018025339080671002,0.04843634731530629,0.023442374076266422,-0.0026050230695696766,-0.001981904932543245
-0.03893351965517449,-0.035031990965050164,0.006675857192272654,-0.0320581221526471,0.008631184512733397,0.024945736619093824,0.01098647181668356,-0.005844871703373243,-0.009157232674524124,-0.01017919986465476,-0.004035293491962726,0.004630724532288608,-0.0006068600960829328,0.004517685998850168,-0.001624051995239061,0.0046947850678271275,0.0030060833821512448,0.0019201795199099635,0.019851633710349526,0.012173476657004403,-0.001994766304883549,-0.007628814439251924,-0.018508606435620707,-0.04190928901217824,-0.05954318824148447,-0.07721671622556481,-0.10001337229983151,-0.10902478087929338,-0.11541644619405314,-0.10773446140779354,-0.13900988260362243,-0.15905648068269912,-0.24216761844455129,-0.351859945783488,-0.3956345226889871,-0.37073063666097195
-0.010562062824410799,-0.01860231209567459,0.02272316740903445,0.007053173483608605,0.024060124959530565,0.011810621372157886,0.021987170459333814,-0.007138854867150071,-0.0018450385356088613,-0.005673048612937449,-0.0052552309852649335,0.008217808550855236,0.0010678812779689143,0.002048252687947804,0.00183809209563218,0.006959920489037613,0.005727312133589019,-1.648596408406115e-5,-0.001198322871607064,0.006098640744916991,-0.000663420074037054,-0.0004595531364018843,-0.0069459174034218075,-0.025838144437926393,-0.029064159621921985,-0.059043130867374234,-0.05191410986581645,-0.06680466117140033,-0.06940688228043593,-0.06504693420632747,-0.07475144734921318,-0.07588526531090321,-0.07718690171654559,-0.0920499949074232,-0.17207557297081108,-0.0696802885985417
-0.09334619245030136,-0.0646158715125823,-0.03776705353686152,-0.038637460814889814,-0.030868695574497076,-0.013565413371941315,-0.011460563941262235,-0.006976657316096975,-0.004548410200849456,0.006017826096979646,0.005806149895381169,0.018376782621626744,0.018552825991780313,0.020099139416629077,0.024643011451417857,0.03597695087095665,0.05723730373342021,0.07032308746780785,0.08987350513896951,0.10661893972223217,0.12120302588458749,0.14535791091003714,0.15094694785578228,0.14619069211933067,0.15080976560731255,0.15260005665875373,0.16303880695964004,0.16978007731590417,0.18091003970323674,0.17066293994480242,0.15196685923413095,0.18281569765847885,0.23388612946039447,0.17885885544914504,0.16177169303600097,0.14178044234156312
-0.08915334326705907,-0.0730528369039762,-0.05194382307157396,-0.06559604794281958,-0.010451524822807272,-0.028075430060255452,-0.04318610832789258,-0.04004502684756849,-0.02250247120472419,-0.02534298334105299,0.0028384924304793585,0.017899565346890158,0.012238904877375773,0.020648079898373698,0.03360875872092817,0.06152278580845829,0.0694901210337937,0.07580149224912651,0.09187917269022841,0.09814911822266045,0.0997858834872996,0.11596761186442044,0.12521508329303715,0.1091035778308385,0.10001935974521292,0.09349001202588911,0.09933337853425292,0.10778084123532866,0.12575103916957706,0.10648019707006108,0.10254767000092352,0.08271262494762306,0.12650828914799278,0.12472786464377801,0.1380334357883862,0.1600935242787966
-0.04549142431885391,-0.05427451199140339,0.0005642334583582356,-0.038380480381132356,-0.027939193776756202,-0.008821260912805629,-0.02797853611885425,-0.03202641791459394,-0.028109967142449156,-0.025911243373447822,-0.006415320408963096,0.00950264845552221,0.019443098688037622,0.02267588772763469,0.0417479140427022,0.06330631835688788,0.07495165854213977,0.07474729124973734,0.08894824206466748,0.09716762927141384,0.10820526192040478,0.12164914743301224,0.14130423301516037,0.13178962905774205,0.12831570613707804,0.11527722653536812,0.12492866842068659,0.13908214818030573,0.16455778848037025,0.14574026367679696,0.14387056903496692,0.1536390890973396,0.18359536744233623,0.19072523888511778,0.16414553099663062,0.18029396465612635
-0.034049804910777796,-0.04455322767760012,0.009028004270941097,-0.003210451640668292,-0.0037804968334440993,-0.008477871849683214,-0.02055850805500822,-0.019072829046302493,-0.020896121687377683,-0.01604621442273373,0.013622882720483755,0.022200640740516284,0.020132154267414194,0.015359294605952239,0.022620383110040367,0.027524519613187182,0.04399260626147231,0.04256160676030183,0.06035739736708117,0.0673495320956734,0.0695525844965291,0.08519245668552537,0.09044779255007256,0.07427063679254338,0.08165255861154518,0.07917801196184278,0.07987074953641636,0.07293256133732284,0.08632488284679524,0.06429357299063457,0.06474611915337655,0.047842803307141524,0.07952572810913075,0.0673697715276099,0.020211586747556933,0.0709013529845411
-0.058655947880609044,-0.015454441809040743,0.005891838333935865,-0.047051207869450454,-0.020175858141818267,-0.010423978088448277,-0.012339123015592576,-0.020040591314065367,-0.00935051544929249,-0.0005741493423620861,0.012707582165754147,0.019700075282632602,0.015125901856220734,0.010983148639841338,0.02207085286665787,0.031897513917654795,0.050744356937861494,0.05959441652029538,0.07575579661169937,0.09091577458823022,0.09956534059149556,0.1074109040771762,0.12080863393490912,0.11326676924006829,0.10889461158462883,0.08711062578660693,0.08860932622452866,0.09730101835699083,0.10966865846113347,0.09839475488984498,0.12495328155595142,0.09243279653325683,0.11875446021685963,0.09326872678092808,0.10189587271065936,0.11432680248336197
-0.02652138176522562,-0.01942382799351629,0.01418712917011211,-0.001037826562033925,0.008953763024770451,0.014443624950992728,0.013131682402557373,-0.0008972064155427771,-0.003564387706033848,0.0005864616902954967,0.003957308242489554,0.012888214891466344,-0.00018278735967692966,0.005276412100731468,0.009119206061873426,0.0010084510602489751,0.008392522496295175,-0.00030127707125644163,0.010247840693325232,0.005773038758698166,0.00797720426564146,0.012590672742386198,0.006224010713564423,-0.025666741450085778,-0.03073761742346252,-0.05523540614861076,-0.06727726094862159,-0.09898261678794823,-0.1022529538022632,-0.10284183020983893,-0.12546335625177232,-0.14499245256821788,-0.15583102355741021,-0.2094460311996264,-0.22972080547781745,-0.09682920618241983
-0.0038439810848874298,0.0036146926363631567,0.038996273024184125,0.004382518326401672,0.03976775127694554,0.045358599723219366,0.023338676051969848,-0.017311364274486814,0.0016107739871782506,0.00852847118093465,-0.0009021048720176352,0.01157506881205942,-0.0019983626190443514,-0.0022272002264845936,-0.0012756021020854432,-0.0033626519218210365,0.007263283293158513,0.008903077663746225,0.0062517141136279935,0.012855702770120629,0.002709440517249929,0.00692055587935039,0.004547556456059834,-0.016172438445200884,-0.024254865590032097,-0.044550855946590244,-0.04702884306164615,-0.04558138721788455,-0.03981268677997579,-0.043653278184595856,-0.06239317461477536,-0.05947620206527565,-0.022527188946393495,-0.07369426676327018,-0.11624983909952308,-0.09913906351015665
-0.03411013699878967,-0.06704592693598248,0.02159802543539456,0.006747585264357284,-0.0154216533052115,-0.012756807177734341,-0.022185640701306113,-0.023312139094126407,-0.015351758121917112,-0.006225020792619267,0.009932175543276023,0.021657559864397522,0.02061493450268097,0.01918759696359263,0.02566552364771254,0.05102884187595531,0.06374188687686123,0.07469112261891829,0.0886073463754342,0.10239520438960666,0.1124046295871716,0.13343829355661418,0.14687181879960906,0.13684586262181267,0.11937822443099888,0.1198368729196376,0.1140620939077185,0.12215055386442643,0.1503688102933243,0.14519766779801618,0.12142538087383858,0.10136775283635005,0.14721754145356739,0.09911390465846764,0.088116953101781,0.11476767917061552
-0.02539611603056673,-0.03115463962747269,-0.02866146248646812,-0.03469826729209726,0.0010629377918714709,-0.008563124068920135,-0.006995048810355544,0.0020331971860188956,-0.016897480952080796,-0.014350277425065758,0.006463847633454121,0.01700998531157099,0.010500284007085922,0.012766581454395359,0.02044858489953478,0.03413680496462242,0.05920274920318582,0.05970492192063265,0.08179784893329257,0.09717391886004297,0.10162458173141235,0.12898968400029995,0.14542301396403434,0.14267194287349896,0.14709394978956247,0.14864193177454457,0.15691386173815444,0.1682172321180975,0.16968708129497995,0.16037332716782962,0.17017054431567177,0.1565920200217619,0.20647276045125423,0.19862421309729414,0.2143342175680759,0.2111012809452892
0.004211592494318729,-0.05746079096689359,-0.011772108993971858,-0.012472499599571947,0.03222168983746481,0.041359798678573576,0.026329698405359276,0.00876937156813498,0.012381564287314777,-0.002156827143454879,0.0025749809909878215,0.004686727395491992,-0.0013454222768131178,-0.007252204062916779,-0.00709906233265408,-0.0001801463257530098,0.004614400942725178,-0.00023309992504617943,0.008511178910534819,0.008441708948438471,0.01436472475793429,0.008310089568272542,0.00636099933770286,-0.009128656824877877,-0.022169286851700373,-0.023582322127175682,-0.030877468424947308,-0.048006689009163876,-0.0467176841421206,-0.037379346448308884,-0.040569345216758305,-0.041769603308970976,-0.015266540201388852,-0.056510170619393674,-0.10730303543509778,-0.009181152633169608
-0.06359132192760407,-0.06004158076955309,0.031744123943945546,-0.02140186224055478,-0.007487787249116027,0.0036824154657789676,-0.007710165392843144,-0.013137474114218263,0.002001890919555757,-0.003987351734442963,0.009567170122648967,0.016816500187683922,0.007000388277416183,0.007935172214435546,0.008247872625121059,0.012346987349868246,0.009419307813825597,0.002015836982698817,0.02874806013344651,0.016001377914658232,0.019088469332073,0.008590705523442562,0.009305471862004562,-0.024463693573063022,-0.07279067262425692,-0.09362441023849054,-0.12357485997127426,-0.1436966914854023,-0.1784810608262706,-0.1920806892975774,-0.22079163379149755,-0.21525984181760102,-0.18469168659822097,-0.268458653283796,-0.29636081809529513,-0.40280193950664284
-0.028317067011030542,-0.014115592688592731,0.002642513773932151,-0.018265658016015887,-0.006547885457193614,-0.009543291997370308,-0.014639957528319675,-0.01647486639208731,-0.01502233642193232,-0.00820199022321074,0.007300470542141653,0.014649579490093921,0.014384710122435532,0.024242002835820894,0.030903704213950344,0.042938418616085924,0.058355663258442464,0.05957631781915858,0.07558815735219898,0.09240120391225896,0.09964170928452142,0.11029582042006697,0.1350560101873222,0.11975177778501378,0.11896216993524675,0.10820840368852948,0.10276800553807806,0.09815901903308379,0.11374840230088502,0.11367939030152643,0.09108154089772647,0.09846928234627843,0.1487861024092392,0.1287611588867078,0.05220490455525142,0.021884622467891593
0.016571368582590156,-0.019400364972514246,0.03532329512837703,0.031083542096329075,0.03517707572810808,0.002711275896831776,0.014340346556450535,-0.01128761378145714,0.010927729040873453,-0.00774608809757636,4.288943937943706e-5,0.0004904330962216859,-0.004276548081845262,-0.011146552061694794,-0.0068090703409230124,-0.005671809075470145,0.006524099940378018,0.00013602405309490317,0.017906351198620676,0.016283662027187135,0.0122212576588157,-0.004989452272017352,-0.004928033979616663,-0.009868170529537017,-0.007920261117592314,-0.007605776854527621,-0.007311304484784162,0.0006409730647772457,0.01768541815947598,0.04632465320695796,0.04340160797786379,0.04223648304780609,0.0012907511219687748,-0.03413577691646521,-0.06982675240255219,-0.038110368836244725
-0.07871512435968787,-0.10524132435365152,-0.0033080453036490936,-0.013232300300951846,-0.02416319892453416,-0.012417669548113183,-0.010477121099064091,-0.013273316109426364,-0.005304943875868947,-0.0024614975405726886,0.011539172478757605,0.023209463186483308,0.026268399364603245,0.027115214290378168,0.034602504101435685,0.04720642800771229,0.06906143867619452,0.07477804714671582,0.1020928124221986,0.1173885957931725,0.12502534691005587,0.1352430940351474,0.14644620374652365,0.13796953165255446,0.12705487733499699,0.1219088410512433,0.12078833382613517,0.11934501564045814,0.11273188145770897,0.10224811167230512,0.11437288148254494,0.12508304115506969,0.14874209847549377,0.14615782050469295,0.13306604340477607,0.0916253671472119
-0.023497938781744384,-0.022066267335340763,0.04061247446164292,0.010430044439644582,0.006040731147136678,0.0012352472661992433,0.008195968106944519,-0.01823420805840373,-0.006516583400180192,-0.008083823216369412,0.001086366174300009,0.010602121703077208,0.004152943012783818,0.0024968095722746443,-0.0005557832736864416,0.00012299438316402776,0.005410323052872397,0.007168916961686524,0.013730377897328028,0.0054149747240117944,-0.0061229845458343184,-0.011052042562141063,-0.015640630837171952,-0.03285878534885481,-0.03864571202762711,-0.05585348026818836,-0.048530531046413215,-0.05258316972014082,-0.05221541530824213,-0.04423670553031503,-0.04684798701744872,-0.05152341626729019,-0.049665867518308905,-0.06699009479872399,-0.1286603741452407,-0.1578947865925652
-0.008352558592166104,-0.00795403754927938,0.07791743743675496,0.01683060014504066,0.022829145363689816,-0.005112435993111127,-0.005693133835344516,-0.013607486485723526,-0.0024710498245393737,0.007573728063691434,0.009700791228198486,0.009297814502422447,-0.0019589378775855203,-0.007166626559123181,-0.017840744942755744,-0.0130172255795034,-0.008002983350271848,-0.006951692937926053,0.012905754406871956,0.01927967854958167,0.02066777693483329,0.02137093000290842,0.022718282743640246,0.005440359619467117,-0.004462852764102919,-0.004351727911256833,-0.0034911942421401378,-0.007724231306801513,-0.007129313460981632,-0.0037540429145685433,-0.015901731232249427,-0.01527140996421598,-0.02035086198628174,-0.0806701524134882,-0.1228762132149246,-0.06652693346962305
0.043002819007888674,0.0044829875161805895,0.0783307356830238,0.026412363946612807,0.03718302874798558,0.03554716889927103,0.021204513881192797,0.0005198367298123476,0.006732824012314985,-0.007709672072888392,0.0020020035435164077,0.0017392297840122092,-0.002115063113927618,-0.007025041454255578,-0.0030942297965766688,-0.0003051664695825141,0.008809317587061905,0.005059763793692203,0.011716533417050208,0.01731563464481542,0.014770724124468719,0.011046320892567815,0.0027288304765439395,0.002953028753601321,-0.015700210953925254,-0.02205628891883699,-0.035389757074489145,-0.04852127431412624,-0.0408037538545986,-0.01843712723022796,-0.025582077245457347,-0.023637067846708836,-0.04302703415663077,-0.06018322794484324,-0.11325151887249506,-0.09294461394652899
0.00930332977203083,-0.008573423467547721,0.007226549918177958,-0.026855789620725143,-0.021502838458440057,-0.029368485209407418,-0.0250901431127017,-0.027700823220337657,-0.021063461254345845,-0.01093552889203259,0.0005103536175485177,0.011181847794634311,0.011230411548332396,0.01810213499338487,0.029859876721698344,0.045966714090998985,0.06603507458486953,0.07465158211859345,0.09493982072910977,0.10192295358718985,0.11736022523055618,0.14275411355722853,0.16023054658173388,0.15210835354636504,0.1498407306381266,0.1497098636742027,0.15292315999290723,0.16870951545988647,0.18437981227471417,0.1563469658627375,0.1535590182469191,0.15282649483338487,0.18776673481850553,0.20091335477227296,0.20247187894440138,0.20856447742849768
0.01844364127420629,-0.0025400755733838275,0.06747734439699468,0.011351571061052517,0.0391557215766738,0.04504254593968638,0.03559208290319469,0.0035700138470616187,-0.0010523763095047411,-0.0032023674544430477,0.0035285605946538366,0.00082222395146768,0.0037195048148449482,-0.0013732754721485574,-0.00876608498926973,-0.012211513442244793,-0.009374510680537308,-0.006938406111772315,0.008089274599526998,0.013937593262978592,0.019488240890766406,0.021394541228757395,0.028031653715550314,0.02078840604892259,0.01795795917569986,0.01262876216921856,0.0062557610354652135,-0.006349235162945802,0.005209590392492135,-0.001880260902491512,-0.005361296942430626,-0.006895023419442551,0.006582503454665728,-0.03448852178512716,-0.05734012911213966,-0.07587289340867803
-0.01520729907832074,-0.009695662425121033,0.03290078016659011,-0.024074411461929495,0.02437507962843547,0.012774485961524563,0.02234817664861586,-0.007485706644192042,-0.006693370260581515,-0.013256371292260441,-0.0015030352940768028,0.007241151304391278,0.002103699792691477,0.0007380560665113398,-0.003505953095919557,0.005846217306343539,0.012846433057422627,-0.00035265935316182537,0.010635383294296042,0.011164628555479379,0.0023057621342347304,-0.0037878686200801944,0.0002620748608997307,-0.03404580414131712,-0.05011367966839978,-0.05640447226437581,-0.0640584102132483,-0.07108428896147616,-0.06034379637787495,-0.04517042436736674,-0.0684635357406282,-0.05724706209851334,-0.08331531151647077,-0.13142272466890015,-0.21577351574554515,-0.166287762746933
0.006634118947514895,-0.00448696351234721,0.029365214263259137,0.025700641262303765,0.022809447873375344,0.024438385942175875,0.032761626750473664,-0.00173464239016002,0.006140495102026257,0.00044395187518344453,-0.0012014509731117229,0.009120204049935847,0.006222294679600995,0.01178906108389286,0.0024855638971098054,0.0015909109686099547,0.008867181917084603,0.002147719475002371,0.0021454532728142008,0.010969455578763334,0.012002795598458129,-0.004990634004110057,-0.014668290098352058,-0.041986229030249886,-0.06219968086742302,-0.08381020182673804,-0.10621804894417158,-0.14606230565722228,-0.14470622027165547,-0.15082289119446884,-0.181043118402367,-0.18524507960896963,-0.23037542391149726,-0.3081168272987006,-0.3057186432623434,-0.09832012610190113
-0.0580028822707266,-0.02834063551865463,0.009161006894026725,0.0013528192522354791,-0.012268142361359714,-0.022594807730099805,-0.033552232544617484,-0.02954264343240972,-0.022187089153312176,-0.01263846147419715,0.012020220604541085,0.01966776521418997,0.02295653148792642,0.02229288792131957,0.0339761258790165,0.04602233192486273,0.05792760492559124,0.06162637545712104,0.07705295455278141,0.08110762009653108,0.09476827773427257,0.09739592196763422,0.10760872631371837,0.10210536816832338,0.100147958569434,0.09402571204590837,0.09878632855591446,0.10435199196181626,0.09889367717690822,0.06960207439924973,0.051758511799520464,0.03353088116646809,0.09603469959800096,0.08599996489693237,0.0529472995494542,0.08665720911874904
-0.016105343525464007,0.007171730518038242,0.0444246442854242,0.017167594183693177,0.020072389352627906,0.017993072073245596,0.015337851517656122,-0.0029056153263438346,-0.0001517270789547307,-0.002309633269888658,0.011893450020986253,0.0041769520331148904,0.0036124640341426324,-0.0009963476485752682,-0.007324450932396318,0.002010240754404624,0.0011690020677474027,-0.0033697636951886736,0.0031853647014315335,0.00546257663270922,0.005192864647316408,0.00040403506212135994,0.0035234049387254675,-0.009551397496410942,-0.01980017459368361,-0.030269413229521303,-0.025299813786751595,-0.037619831326951986,-0.018103171071216773,-0.007740222042157442,-0.026210552717897354,-0.023438075234058883,-0.02216361731802465,-0.061863743157360214,-0.13451048880950747,-0.1211924472272447
0.01112160891336001,-0.042229915174035806,0.05761737361472988,-0.0025118981560005495,0.043538737793059355,0.017089401428642022,0.01449054432190615,-0.0006659354116616659,-0.005232556924359487,-0.009721174575611537,-0.0008781352569680505,-0.008978394867453854,-0.009931905515791694,-0.010839041582342758,-0.0071695334727521105,0.009597802224686352,0.010012846005129245,0.001747825007144186,0.02345536081030943,0.01960941463997087,0.013670183485974173,0.004041754029000962,0.008102695164646125,-0.017514204160628384,-0.016985735789356072,-0.021981867100994545,-0.037348691727474036,-0.04648616758702836,-0.05326991824656602,-0.043251948757226405,-0.051448232482201824,-0.06782679729381283,-0.0871253092348404,-0.15163568957022894,-0.20657368237087162,-0.19549689543631854
-0.015566957767253042,-0.013090174015518896,0.0073868844470295165,-0.031233469675694868,0.028334912007364613,0.018997293683727177,0.01322848314342604,-0.004189447957026582,0.004757931512166773,-0.007206864395682672,-0.004833685098166929,0.009211081375998745,0.007292908315673336,0.0035671114431112027,-0.009335249890443612,0.0017630275664022403,0.004215684569689843,-0.006383044997765263,0.0035126922914074264,0.010106585215831847,0.008530510395745327,0.0052390266791153125,-0.0001722269840711104,-0.024625083663516265,-0.04606697305005282,-0.07023457142793504,-0.08062647188379164,-0.09710288986009386,-0.09081292074304842,-0.07805892561954349,-0.11232101377530572,-0.1379807573041773,-0.10522138402551874,-0.14028106292218628,-0.21570068798471903,-0.11981397355157784
0.014347550407228071,-0.09227542549437377,0.027635110624116544,0.04030225183075829,0.022487096006237866,0.0034024747637507635,0.04142550534086933,-0.01496249762683315,-0.003302536801500831,-0.0190361130572498,-0.005902144297333435,0.010116044763746649,0.004096402913029753,-0.0012939068231758134,0.0011688577826471697,0.006534809117870502,0.02809485242023376,0.028479675008944112,0.049380294260462906,0.05223814300381598,0.06631476883236073,0.059220033491884115,0.05404034710001672,0.030384468846409985,0.03423285468851293,0.008629136008804482,0.002376247667971385,-0.006747974525420878,-0.004022277491465184,0.0023690425191471,-0.009126092952013089,-0.02626740362302147,-0.03289499576366381,-0.08552622388253377,-0.16085448623938323,-0.09922240277730399
-0.009683187329351459,0.003778860162066806,0.03470447859599264,0.023721708565739855,0.028896932823977824,0.006731952532959936,0.013820049705031838,-0.007630175237211659,-0.004711869890602236,0.005111346891224131,0.01607437269797234,0.01824084546239662,0.011942141902461022,0.007325569578346737,0.007374462348328023,0.010479785213407608,0.006844579685867224,0.006477300560412975,0.0039166959843413346,0.0006606773284556915,-0.0011056150099454916,-0.002219174370197606,-0.007200179187078186,-0.02897304543967044,-0.03864480057230337,-0.061951701784726206,-0.0819648344070174,-0.08478585932675752,-0.07823677784290312,-0.06528649722261157,-0.0582401764211187,-0.07064726202776356,-0.1016794368481651,-0.15771328648528637,-0.24885877597580244,-0.10346750962450167
-0.027359854430916167,-0.02466765614679291,0.03667507404075041,0.03806454787590764,0.0411255741416621,0.003453299103720658,0.009769317835200849,-0.007664128462412389,-0.007423018230894586,-0.0016191566037740456,0.004426404705382965,-0.00013971235755587164,-0.010724332284832149,-0.00520716033982303,-0.004134272861136338,0.0018125607121111495,-0.0002623569097648339,-0.0075912836231893125,-0.001025144692944105,0.010149758101598004,0.011932966588495643,0.02074375997477402,0.028706094449647612,0.024565261439405132,0.02106286110889263,0.019991754643501846,0.02733337928169068,0.029949071655921308,0.04040725773087593,0.05308376557540705,0.04645052757924992,0.053095002663552854,0.04778359664524376,-0.00356426800739765,-0.09869973060815282,-0.029326720155390954
0.002634097183062163,0.01034270363644163,0.07302080868686518,0.012074481790337528,0.026705202781978753,0.022442516410914343,0.009662707994403916,-0.009955362892566691,-0.0011155223441553256,-0.01132094722050037,0.012699536956314783,0.005654767108054404,0.0007295425905842917,-0.00271597433649105,-0.005306992670868734,-0.005979779802501001,-0.004308176461606228,-0.0011470203163128215,0.0020528438186546293,0.0076892446391343735,0.009519489390375542,0.008168241982345881,0.007789822991755109,-0.0037511102471548263,-0.009488672579648949,-0.020575942070120572,-0.028872417023172274,-0.033854740676034965,-0.03725840670850899,-0.036079288544663614,-0.036152650383929556,-0.02934417594477186,0.0002664857471334916,-0.028704260321134413,-0.0984674021066125,-0.10887749958807469
-0.05658547845265253,-0.08982111158148334,-0.0489523132731837,-0.05423923316463065,-0.0198479855564233,-0.019385738694900637,-0.021222119986612244,-0.031415730074802,-0.02642209659180127,-0.023704342325335,0.0021574113917203833,0.012166660545339969,0.022686981200542054,0.016064586979618052,0.03691296672932056,0.04146303044229353,0.060769595996246865,0.07095402317659594,0.08438266794259058,0.09853592729577823,0.10550612021065961,0.12055479463298067,0.14194370589108898,0.14407191506804212,0.1509809882429647,0.14204527960693217,0.1459993267497723,0.1570388200673663,0.17710727971721021,0.14636771721629366,0.1414643751498188,0.12215198683586063,0.14124996678673143,0.11898128042675758,0.08531285565402359,0.08566670235685442
-0.059879179458258935,-0.004865299197711792,0.0214145063778536,0.013344076058022106,-0.01674414736284268,-0.009199718536274033,-0.016661854725904285,-0.013123410086840776,-0.0247003208722785,-0.0018044850298595035,0.011493039293943417,0.012290460708777108,0.018092356513828164,0.008654443870733686,0.011277576872453725,0.02885145918309887,0.05446232498704546,0.06674403779884128,0.08425994712556763,0.09963559573001601,0.11167578325844349,0.12546737449817033,0.12619163990341487,0.1228134617107679,0.11413768797691996,0.10142455760543997,0.09940792575973557,0.11206067702460627,0.11379037386191274,0.10375448932097107,0.09779229781571334,0.09268347773515802,0.15081442251254593,0.14293914389731938,0.08542285975992538,0.10076088836658378
-0.0418098364229088,-0.049465951828423456,0.03572768602406293,-0.01883117551405064,0.006200286599257753,-0.008268726052652936,-0.011094472228423021,-0.02215439437168043,-0.027823944386405904,-0.017797056842365867,-0.01836697361971749,0.011073592983993848,-0.0038497716230429316,0.005106205622705205,0.005709570886977604,0.007080866959144455,0.019157899076052667,0.009530624053385166,0.021184186659177713,0.016984284294069847,0.010095112885764472,-0.0005111501850933396,0.007638659305546473,-0.021889608414814715,-0.02630200442628648,-0.03334082374047483,-0.04767344421192096,-0.06191940286605791,-0.053792652964262076,-0.044466307727862565,-0.11147743062272344,-0.11667362129074473,-0.15605969412575046,-0.26975612965261275,-0.28656031952581335,-0.241602570744703
-0.13863434699727192,-0.11171001607214343,-0.0005338877760448186,-0.04387107038000072,-0.008048659038125402,-0.024856283851399413,-0.020039445274580497,-0.015504587734613938,-0.012128078912866203,-0.0031037175429682222,0.010072383282532226,0.02209940524560808,0.02442720162206232,0.02187214015232974,0.030306253538669743,0.04738746399638875,0.06476076598531579,0.07256942366722738,0.09583265676147223,0.11760839034233449,0.12569943130821126,0.13735747383435523,0.15548749223306843,0.14672235772582742,0.14510144257859947,0.14869254808304283,0.15251171868631996,0.15604033491796174,0.1639222075900336,0.17381486174975283,0.17576288368576606,0.18036955636786908,0.18314495892742744,0.1778506070649693,0.14765579178162305,0.16533854599327052
-0.07695057236005434,-0.07328644607777825,-0.027699801777603457,-0.037634195744318394,-0.012283198411041965,-0.00913479432491611,-0.01232358082896344,-0.016952104207089487,-0.012851117037102934,-0.008123208194868373,-0.002656977887552188,0.011276460922952846,0.017038185179413242,0.018564957657895106,0.03558150181118115,0.04741459733455794,0.07369302455170201,0.08721983180269623,0.10404461327910866,0.11937178668317547,0.12549479015539342,0.14646471706477288,0.1659757632382223,0.15682044449150342,0.15738405024335136,0.15776063233538673,0.15806752749468733,0.1638543519757952,0.1723983512783411,0.15933113839637228,0.15216482911903495,0.1428831556777464,0.17362741001912713,0.15728147682190688,0.07034889157928985,0.12922404882491897
0.034757211180252434,0.035145216891463514,0.06463237506142165,0.01443483509449645,0.048993061913896886,0.033333884612237796,0.024733096104152485,-0.009160784027013804,-0.006689079120135078,-0.005649283221211374,-0.003894321464057955,0.002476781589338247,-0.002966117154199537,0.009056479364932403,-0.00876262256538419,0.0033796707830121018,0.007123434487376408,0.000660615199157635,0.0036396742934473284,0.006834575082003216,0.008337128641122371,0.006720991072820765,0.006154710243088569,-0.013177232334890984,-0.01587969790529809,-0.024579300190417472,-0.0318793063892126,-0.035881906641549666,-0.019626038840090194,-0.011352357621132052,-0.03083109450003952,-0.02687876381356664,-0.03637410922245653,-0.09264995154013102,-0.15098504165355994,-0.08038938874619384
-0.042331872853290216,-0.04104933587899188,-0.017301023461565385,-0.0268552139046035,-0.05036519526448742,-0.034924413962404526,-0.025652049534720677,-0.02371189014338894,-0.030067010479085284,-0.01776951895125606,0.011140496504820832,0.018810766759839045,0.023906592837516134,0.02420599123417473,0.03390640395824178,0.04825407469250034,0.06674668013183593,0.0766204620614608,0.09608745728746154,0.10195288493587829,0.10934041254638911,0.12240081894299813,0.13340572085276775,0.11952091974714531,0.11756789944603584,0.1097905302490906,0.11246649913252152,0.10876775429859198,0.1094739275261754,0.09495492430961205,0.09279421495357813,0.07779920956155705,0.11000394976616759,0.10160406334128941,0.05383060576393556,0.05566114234967985
-0.01588429685228605,-0.023970907466241788,0.015362740086424739,-0.020554687126793463,-0.03991077297635364,-0.021460657900905403,-0.0019441537888638856,-0.010682961819177687,-0.015700104198511058,-0.015791246138125666,-0.0007823839291912569,0.008870529571259998,0.0018480866082796798,0.003669931980739495,0.01349943794212707,0.03907869521717106,0.055063924256458785,0.05948870351036855,0.08086021358659294,0.08673393259579863,0.08063069180365216,0.08892761249299425,0.10326009069205477,0.10324046626279532,0.1048083439510294,0.11003074067913408,0.11714495240169787,0.13276522340939656,0.14910924281571844,0.14922970312493483,0.14755824990403307,0.15285663813269,0.17262214983599758,0.16612555950323502,0.16452290765693536,0.16571332130402455
-0.031233699795318558,-0.07786546150709478,-0.021037549178846253,-0.027437257437017176,0.006249708583928104,0.008615318585401818,-0.0028103484432465873,-0.018614974467856447,-0.020494277469138438,-0.019615664885489364,0.0004613090057262366,0.013037998914121293,0.01483559566819623,0.0170822300152726,0.020810687212337246,0.044411836313751896,0.05760037556525578,0.058718616009809474,0.06889464599212476,0.0814726333878976,0.08689967337279873,0.09541460052050955,0.11005965735179962,0.10472913309139992,0.11167450264183303,0.10917806035571842,0.11056906129811239,0.12226844997583211,0.13123953816100822,0.1307271533953688,0.12696721375851472,0.1132423363054225,0.1468434886167879,0.12938421882815238,0.10849878683489068,0.10449591610186948
0.03469901143620257,0.030215505558229227,0.059156958535910124,0.006403198747938981,0.030487091845549836,0.018230934602523844,0.016296121776673392,0.007096999253352235,0.009245131672361495,-0.0065632116109201055,0.0030476205329098903,-0.0021186340335992058,0.0013751498399454211,0.003116098482426766,0.012900614886141708,0.007614550094243346,0.020456834274028016,0.014036259284912188,0.028616921108531854,0.03128898874205175,0.03630319910706359,0.035779504843469104,0.03101356543184524,-0.011163551824927995,-0.019632995488102566,-0.02772358002189322,-0.044356108850276424,-0.06544446859753228,-0.07305600801740011,-0.07707982368120778,-0.06696754076253389,-0.022968484796062845,-0.01938910316028943,-0.10841253785711831,-0.14623067623492883,0.0011020689117551073
-0.03694996244711507,-0.05739186216011804,0.006482228064721336,-0.029468989833844446,-0.005837716894004482,-0.009596400211508439,-0.010695972847895033,-0.008266776717299125,-0.013614442532149657,-0.017604617917692748,-0.0007807063725239713,0.0009115428460021555,0.011914965366028613,0.018200076564528333,0.032041880573760916,0.05399353029649718,0.06935810451001446,0.07732800043631083,0.09811137428704342,0.10594038649724553,0.11121354660823521,0.116462290317758,0.12703871347258638,0.12262976830671016,0.1225393489687321,0.11995671032689054,0.12437023218928132,0.12205874913420887,0.13777834571441155,0.14213982743271875,0.13710566264667348,0.12567230156654502,0.15037769233179069,0.13293785883510084,0.0804273587012644,0.1269139985781011
0.024352914121994352,0.0028065332019514273,0.03192545898557548,0.010554099367276923,0.051954629986866216,0.02743324007349547,0.030563572182606583,0.003740646229004676,0.0058867363940161566,-0.0038881574850342217,0.0013813199330992181,-0.0037178569884809007,-0.0055187701518846725,-0.009692337294434326,-0.017278051366462138,-0.01031647893529874,-0.0037527312886441403,0.0017348857468580444,0.015149390008977302,0.021309988677715455,0.02416409217172039,0.025494104307816404,0.01931462720888311,0.010863496812305223,0.005920233874495325,-0.0031295468368131387,-0.011163634885658478,-0.020633884627915787,-0.0024861223956058626,0.004021408549839538,0.0031890882759287543,0.016333859632503188,0.02463437046851029,-0.001576367178689307,-0.033150368590931935,0.039854989377471416
0.00777566739172504,-0.034954364193631716,-0.020451374791476386,-0.029008238881187098,-0.018450963126680767,-0.007329695358826964,-0.013512699608663177,-0.016694904614052996,-0.01771753944880321,-0.017914893794535976,0.002720308241568383,0.012550556625458467,0.009806971768568708,0.011588405403456702,0.022731824810253244,0.035233744883445335,0.04986310810389943,0.05572682178440691,0.06659620130982087,0.0727942958527279,0.07276984240558183,0.08122617487130114,0.1005047006970353,0.09174529427575266,0.09329172030584242,0.08519922570097127,0.09188228709493648,0.08961016561294761,0.1007540642570699,0.09009727007016731,0.09254681988408224,0.08052972050135054,0.12238795439845737,0.10365755553785631,0.07116952802913212,0.08818215216014175
0.004862497956318298,0.010822107613518185,0.03881921049468692,0.03299088278811697,0.0217810495866677,0.011105245662760525,0.023075700874382942,-0.004990578369846726,-0.014116147974455508,-0.02038198152554265,-0.007260753764165051,-0.003848935498430508,-0.008320634896563442,-0.001274497298930012,0.004098390832818351,0.0049327927620476655,0.011099126662005427,0.00261845153611481,0.01129479958334745,0.009271048908923479,0.002251642862102781,0.002759075667407214,0.009601786117530752,-0.00612537712825297,-0.008140449246429201,-0.004037169775933262,-0.0012252566343624787,-0.002247428993747898,0.009582590978493562,0.02211795064238488,0.03999895724200843,0.03499747414333694,0.03254321704600314,-0.0356064177044098,-0.05141707096769544,0.04616636859596405
0.0,0.0,0.0,0.0,0.0,0.0,0.0,0.0,0.0,0.0,0.0,0.0,0.0,0.0,0.0,0.0,0.0,0.0,0.0,0.0,0.0,0.0,0.0,0.0,0.0,0.0,0.0,0.0,0.0,0.0,0.0,0.0,0.0,0.0,0.0,0.0
